profile,trades_per_month,win_rate,max_drawdown,total_return,profit_factor,verdict
ETH_1D,0.05073333333333333,100.0,22.858088230746763,1.634060088319529,inf,FAIL
ETH_4H,0.008455555555555556,100.0,29.414918656923756,0.5486853431442251,inf,FAIL
