{
  "best_params": {
    "trap_quality_threshold": 0.5,
    "trap_confirmation_bars": 5,
    "trap_volume_ratio": 2.3,
    "trap_stop_multiplier": 1.2000000000000002
  },
  "best_value": 0.36493200337296494,
  "train_metrics": {
    "profit_factor": 0.8808703529692257,
    "win_rate": 0.4142857142857143,
    "max_drawdown": 0.025289776571283798,
    "total_trades": 70,
    "total_pnl": -221.796232100473
  },
  "val_metrics": {
    "profit_factor": 3.368878731642234,
    "win_rate": 0.66,
    "max_drawdown": 0.0061170765754615395,
    "total_trades": 50,
    "total_pnl": 1478.8010092592772
  },
  "n_trials": 200,
  "timestamp": "2025-11-06T03:28:44.583380"
}