{
  "regime_veto": 708,
  "regime_veto_latest": {
    "phase": "C",
    "vol_ratio": 0.5608320499460492,
    "wyckoff": 0.5425437211896346
  }
}