{
  "calibrated_threshold": 0.2831763029098511,
  "original_threshold": 0.707032322883606,
  "calibration_metrics": {
    "auc": 0.19166666666666668,
    "threshold": 0.2831763029098511,
    "f1": 0.9302325531638724,
    "precision": 0.8695652173913043,
    "recall": 1.0,
    "n_samples": 23,
    "win_rate": 0.8695652173913043
  },
  "test_metrics": {
    "auc": 0.26136363636363635,
    "f1": 0.75,
    "precision": 0.6923076923076923,
    "recall": 0.8181818181818182,
    "n_samples": 15,
    "win_rate": 0.7333333333333333
  },
  "calibration_config": {
    "model_path": "models/btc_trade_quality_filter_v1.pkl",
    "data_path": "reports/ml/btc_trades_2024_full.csv",
    "split_date": "2024-10-01",
    "target_metric": "f1",
    "min_precision": null,
    "min_recall": null
  }
}